Rk,Name,Position,Indct,First Year,Last Year,AP1,PB,St,CarAV,Games Played,Passes Completed,Passes Attempted,Passing Yards,TD Passes,Longest Pass,Ints,Sacks,Sacked Yards Lost,Rushing Attempts,Rushing Yards,Rushing TDs,Longest Rushing Run,Receptions,Receiving Yards,Receiving TDs,Longest Reception,Year
1,Morten Andersen\andermor01,K,2017,1982,2007,3,7,24,51,382,,,,,,,,,,,,,,,,,1994.5
2,Terrell Davis\DaviTe00,RB,2017,1995,2001,3,3,4,72,78,,,,,,,,,1655,7607,60,71,169,1280,5,35,1998
3,Kenny Easley\EaslKe00,DB,2017,1981,1987,3,5,7,60,89,,,,,,,,,,,,,,,,,1984
4,Jason Taylor\TaylJa03,DE,2017,1997,2011,3,6,12,119,233,,,,,,,,,,,,,0,0,0,0,2004
5,LaDainian Tomlinson\TomlLa00,RB,2017,2001,2011,3,5,10,128,170,8,12,143,7,38,0,2,3,3174,13684,145,85,624,4772,17,74,2006
6,Kurt Warner\WarnKu00,QB,2017,1998,2009,2,4,8,96,124,2666,4070,32344,208,85,128,260,1669,173,286,3,23,1,0,0,0,2003.5
7,Brett Favre\FavrBr00,QB,2016,1991,2010,3,11,19,156,302,6300,10169,71838,508,99,336,525,3487,602,1844,14,40,2,-7,0,2,2000.5
8,Kevin Greene\GreeKe00,LB,2016,1985,1999,2,5,11,95,228,,,,,,,,,,,,,,,,,1992
9,Marvin Harrison\HarrMa00,WR,2016,1996,2008,3,8,12,124,190,,,,,,,,,10,28,0,15,1102,14580,128,80,2002
10,Orlando Pace\PaceOr00,T,2016,1997,2009,3,7,12,106,169,,,,,,,,,,,,,,,,,2003
11,Ken Stabler\StabKe00,QB,2016,1970,1984,1,4,11,94,184,2270,3793,27938,194,88,222,281,2514,118,93,4,18,,,,,1977
12,Dick Stanfel\StanDi00,G,2016,1952,1958,5,5,7,0,73,,,,,,,,,,,,,,,,,1955
13,Jerome Bettis\BettJe00,RB,2015,1993,2005,2,6,11,80,192,3,6,63,3,32,1,0,0,3479,13662,91,71,200,1449,3,34,1999
14,Tim Brown\BrowTi00,WR,2015,1988,2004,0,9,13,104,255,,,,,,,,,50,190,1,19,1094,14934,100,80,1996
15,Charles Haley\HaleCh00,DE,2015,1986,1999,2,5,8,83,169,,,,,,,,,,,,,,,,,1992.5
16,Junior Seau\SeauJu00,LB,2015,1990,2009,6,12,15,130,268,,,,,,,,,,,,,2,8,0,6,1999.5
17,Will Shields\ShieWi00,G,2015,1993,2006,2,12,13,114,224,,,,,,,,,,,,,1,4,0,4,1999.5
18,Mick Tingelhoff\TingMi00,C,2015,1962,1978,5,6,17,102,240,,,,,,,,,,,,,,,,,1970
19,Derrick Brooks\BrooDe00,LB,2014,1995,2008,5,11,13,144,224,,,,,,,,,,,,,,,,,2001.5
20,Ray Guy\GuyxRa20,P,2014,1973,1986,3,7,14,32,207,2,3,54,0,32,1,1,12,11,43,0,24,,,,,1979.5
21,Claude Humphrey\HumpCl00,DE,2014,1968,1981,2,6,10,72,171,,,,,,,,,,,,,,,,,1974.5
22,Walter Jones\JoneWa00,T,2014,1997,2008,4,9,11,97,180,,,,,,,,,,,,,,,,,2002.5
23,Andre Reed\ReedAn00,WR,2014,1985,2000,0,7,14,98,234,1,1,32,0,32,0,1,20,75,500,1,46,951,13198,87,83,1992.5
24,Michael Strahan\StraMi02,DE,2014,1993,2007,4,7,14,121,216,,,,,,,,,,,,,,,,,2000
25,Aeneas Williams\WillAe00,DB,2014,1991,2004,3,8,13,104,211,,,,,,,,,,,,,,,,,1997.5
26,Larry Allen\AlleLa00,G,2013,1994,2007,6,11,13,99,203,,,,,,,,,,,,,0,0,0,0,2000.5
27,Cris Carter\CartCr00,WR,2013,1987,2002,2,8,13,98,234,0,1,0,0,0,0,0,0,13,41,0,11,1101,13899,130,80,1994.5
28,Curley Culp\CulpCu00,DT,2013,1968,1981,1,6,11,76,179,,,,,,,,,,,,,,,,,1974.5
29,Jonathan Ogden\OgdeJo00,T,2013,1996,2007,4,11,11,94,177,,,,,,,,,,,,,2,2,2,1,2001.5
30,Dave Robinson\RobiDa00,LB,2013,1963,1974,1,3,10,81,155,,,,,,,,,,,,,,,,,1968.5
31,Warren Sapp\SappWa00,DT,2013,1995,2007,4,7,12,120,198,,,,,,,,,,,,,4,39,2,18,2001
32,Jack Butler\ButlJa00,DB,2012,1951,1959,3,4,8,0,103,,,,,,,,,,,,,7,102,4,33,1955
33,Dermontti Dawson\DawsDe00,C,2012,1988,2000,6,7,10,98,184,,,,,,,,,,,,,,,,,1994
34,Chris Doleman\DoleCh00,DE,2012,1985,1999,2,8,13,114,232,,,,,,,,,,,,,,,,,1992
35,Cortez Kennedy\KennCo00,DT,2012,1990,2000,3,8,8,101,167,,,,,,,,,,,,,,,,,1995
36,Curtis Martin\MartCu00,RB,2012,1995,2005,1,5,11,101,168,2,2,36,2,18,0,1,4,3518,14101,90,70,484,3329,10,41,2000
37,Willie Roaf\RoafWi00,T,2012,1993,2005,3,11,12,107,189,,,,,,,,,,,,,,,,,1999
38,Richard Dent\DentRi00,DE,2011,1983,1997,1,4,10,96,203,,,,,,,,,,,,,,,,,1990
39,Marshall Faulk\FaulMa00,RB,2011,1994,2005,3,7,11,133,176,0,2,0,0,0,0,0,0,2836,12279,100,71,767,6875,36,85,1999.5
40,Chris Hanburger\HanbCh00,LB,2011,1965,1978,4,9,12,96,187,,,,,,,,,,,,,1,1,0,1,1971.5
41,Les Richter\RichLe00,LB,2011,1954,1962,1,8,7,18,112,,,,,,,,,0,8,0,8,,,,,1958
42,Deion Sanders\SandDe00,DB,2011,1989,2005,6,8,12,117,188,0,2,0,0,0,0,0,0,9,-14,0,8,60,784,3,70,1997
43,Shannon Sharpe\SharSh00,TE,2011,1990,2003,4,8,12,80,204,,,,,,,,,3,9,0,15,815,10060,62,82,1996.5
44,Russ Grimm\GrimRu00,G,2010,1981,1991,3,4,9,76,140,,,,,,,,,,,,,,,,,1986
45,Rickey Jackson\JackRi01,LB,2010,1981,1995,0,6,15,113,227,,,,,,,,,,,,,,,,,1988
46,Dick LeBeau\LeBeDi00,DB,2010,1959,1972,0,3,12,79,185,,,,,,,,,,,,,,,,,1965.5
47,Floyd Little\LittFl00,RB,2010,1967,1975,1,5,9,70,117,2,9,43,1,35,0,1,5,1641,6323,43,80,215,2418,9,74,1971
48,John Randle\RandJo00,DT,2010,1990,2003,6,7,11,107,219,,,,,,,,,,,,,,,,,1996.5
49,Jerry Rice\RiceJe00,WR,2010,1985,2004,10,13,18,159,303,3,10,71,1,41,1,0,0,87,645,10,43,1549,22895,197,96,1994.5
50,Emmitt Smith\SmitEm00,RB,2010,1990,2004,4,8,14,129,226,1,1,21,1,21,0,0,0,4409,18355,164,75,515,3224,11,86,1997
51,Bob Hayes\HayeBo00,SE,2009,1965,1975,2,3,8,81,132,,,,,,,,,24,68,2,13,371,7414,71,95,1970
52,Randall McDaniel\McDaRa00,G,2009,1988,2001,7,12,13,119,222,,,,,,,,,2,1,0,1,1,2,1,2,1994.5
53,Bruce Smith\SmitBr00,DE,2009,1985,2003,8,11,18,148,279,,,,,,,,,1,0,0,0,,,,,1994
54,Derrick Thomas\ThomDe01,LB,2009,1989,1999,2,9,11,106,169,,,,,,,,,,,,,,,,,1994
55,Rod Woodson\WoodRo01,DB,2009,1987,2003,6,11,15,141,238,,,,,,,,,1,0,0,0,0,0,0,0,1995
56,Fred Dean\DeanFr00,DE,2008,1975,1985,2,4,6,59,141,,,,,,,,,,,,,,,,,1980
57,Darrell Green\GreeDa00,DB,2008,1983,2002,1,7,15,101,295,,,,,,,,,1,6,0,6,,,,,1992.5
58,Art Monk\MonkAr00,WR,2008,1980,1995,1,3,14,93,224,1,2,46,0,46,0,0,0,63,332,0,26,940,12721,68,79,1987.5
59,Emmitt Thomas\ThomEm00,DB,2008,1966,1978,1,5,11,70,181,,,,,,,,,,,,,,,,,1972
60,Andre Tippett\TippAn00,LB,2008,1982,1993,2,5,10,90,151,,,,,,,,,,,,,,,,,1987.5
61,Gary Zimmerman\ZimmGa00,T,2008,1986,1997,3,7,12,100,184,,,,,,,,,,,,,,,,,1991.5
62,Gene Hickerson\HickGe00,G,2007,1958,1973,3,6,13,86,202,,,,,,,,,,,,,,,,,1965.5
63,Michael Irvin\IrviMi00,WR,2007,1988,1999,1,5,10,106,159,,,,,,,,,6,6,0,9,750,11904,65,87,1993.5
64,Bruce Matthews\MattBr00,G,2007,1983,2001,7,14,19,135,296,,,,,,,,,,,,,0,0,0,0,1992
65,Charlie Sanders\SandCh01,TE,2007,1968,1977,3,7,9,53,128,,,,,,,,,4,-6,0,2,336,4817,31,54,1972.5
66,Thurman Thomas\ThomTh00,RB,2007,1988,2000,2,5,10,112,182,0,1,0,0,0,0,1,2,2877,12074,65,80,472,4458,23,74,1994
67,Roger Wehrli\WehrRo00,DB,2007,1969,1982,3,7,13,82,193,0,1,0,0,0,0,1,11,5,45,1,19,,,,,1975.5
68,Troy Aikman\AikmTr00,QB,2006,1989,2000,0,6,11,97,165,2898,4715,32942,165,90,141,259,1748,327,1016,9,25,2,-19,0,0,1994.5
69,Harry Carson\CarsHa00,LB,2006,1976,1988,0,9,13,91,173,,,,,,,,,,,,,1,13,1,13,1982
70,Warren Moon\MoonWa00,QB,2006,1984,2000,0,9,15,119,208,3988,6823,49325,291,87,233,458,3415,543,1736,22,35,,,,,1992
71,Reggie White\WhitRe00,DE,2006,1985,2000,8,13,15,157,232,,,,,,,,,,,,,,,,,1992.5
72,Rayfield Wright\WrigRa01,T,2006,1967,1979,3,6,8,82,166,,,,,,,,,1,-10,0,0,2,27,1,15,1973
73,Benny Friedman\FrieBe20,TB,2005,1927,1934,4,0,7,0,81,70,167,929,66,0,19,,,152,458,18,0,5,67,0,0,1930.5
74,Dan Marino\MariDa00,QB,2005,1983,1999,3,9,16,145,242,4967,8358,61361,420,85,252,270,1930,301,87,9,15,1,-6,0,0,1991
75,Fritz Pollard\PollFr21,TB,2005,1920,1926,1,0,6,0,49,,,,,,,,,0,0,11,0,0,0,1,0,1923
76,Steve Young\YounSt00,QB,2005,1985,1999,3,7,9,135,169,2667,4149,33124,232,97,107,358,2055,722,4239,43,49,2,2,0,6,1992
77,Bob Brown\BrowBo03,T,2004,1964,1973,5,6,10,77,126,,,,,,,,,,,,,,,,,1968.5
78,Carl Eller\ElleCa00,DE,2004,1964,1979,5,6,15,123,225,,,,,,,,,,,,,,,,,1971.5
79,John Elway\ElwaJo00,QB,2004,1983,1998,0,9,16,138,234,4123,7250,51475,300,86,226,516,3785,774,3407,33,31,3,61,1,24,1990.5
80,Barry Sanders\SandBa00,RB,2004,1989,1998,6,10,10,121,153,1,4,11,0,11,1,0,0,3062,15269,99,85,352,2921,10,66,1993.5
81,Marcus Allen\AlleMa00,RB,2003,1982,1997,2,6,12,103,222,12,27,282,6,47,1,6,32,3022,12243,123,61,587,5411,21,92,1989.5
82,Elvin Bethea\BethEl00,DE,2003,1968,1983,0,8,14,65,210,,,,,,,,,,,,,,,,,1975.5
83,Joe DeLamielleure\DeLaJo01,G,2003,1973,1985,3,6,12,87,185,,,,,,,,,,,,,,,,,1979
84,James Lofton\LoftJa00,WR,2003,1978,1993,1,8,14,101,233,1,5,43,0,43,0,0,0,32,246,1,83,764,14004,75,80,1985.5
85,Dave Casper\CaspDa00,TE,2002,1974,1984,4,5,6,52,147,0,1,0,0,0,0,0,0,6,27,0,8,378,5216,52,52,1979
86,Dan Hampton\HampDa01,DE,2002,1979,1990,1,4,11,101,157,,,,,,,,,,,,,,,,,1984.5
87,Jim Kelly\KellJi00,QB,2002,1986,1996,1,5,11,103,160,2874,4779,35467,237,84,175,323,2427,304,1049,7,24,2,40,0,35,1991
88,John Stallworth\StalJo00,WR,2002,1974,1987,1,3,10,80,165,,,,,,,,,9,111,1,47,537,8723,63,74,1980.5
89,Nick Buoniconti\BuonNi00,LB,2001,1962,1976,5,8,13,103,183,,,,,,,,,,,,,,,,,1969
90,Mike Munchak\MuncMi00,G,2001,1982,1993,2,9,11,91,159,,,,,,,,,,,,,,,,,1987.5
91,Jackie Slater\SlatJa00,T,2001,1976,1995,0,7,13,87,259,,,,,,,,,,,,,,,,,1985.5
92,Lynn Swann\SwanLy00,WR,2001,1974,1982,1,3,8,62,116,,,,,,,,,11,72,1,25,336,5462,51,68,1978
93,Ron Yary\YaryRo00,T,2001,1968,1982,6,7,12,97,207,,,,,,,,,,,,,1,5,0,5,1975
94,Jack Youngblood\YounJa00,DE,2001,1971,1984,5,7,13,105,202,,,,,,,,,,,,,,,,,1977.5
95,Howie Long\LongHo00,DE,2000,1981,1993,2,8,11,95,179,,,,,,,,,,,,,,,,,1987
96,Ronnie Lott\LottRo00,DB,2000,1981,1994,6,10,14,118,192,,,,,,,,,,,,,,,,,1987.5
97,Joe Montana\MontJo01,QB,2000,1979,1994,3,8,12,123,192,3409,5391,40551,273,96,139,313,2095,457,1676,20,21,,,,,1986.5
98,Dave Wilcox\WilcDa00,LB,2000,1964,1974,2,7,11,73,153,,,,,,,,,,,,,,,,,1969
99,Eric Dickerson\DickEr00,RB,1999,1983,1993,5,6,10,91,146,1,2,15,1,15,1,1,6,2996,13259,90,85,281,2137,6,50,1988
100,Tom Mack\MackTo00,G,1999,1966,1978,1,11,13,90,184,,,,,,,,,,,,,,,,,1972
101,Ozzie Newsome\NewsOz00,TE,1999,1978,1990,1,3,13,59,198,,,,,,,,,18,135,2,33,662,7980,47,74,1984
102,Billy Shaw\ShawBi00,G,1999,1961,1969,5,8,8,57,119,,,,,,,,,,,,,,,,,1965
103,Lawrence Taylor\TaylLa00,LB,1999,1981,1993,8,10,13,137,184,,,,,,,,,,,,,,,,,1987
104,Paul Krause\KrauPa00,DB,1998,1964,1979,3,8,15,113,226,1,2,11,1,11,0,0,0,1,0,0,0,2,17,0,13,1971.5
105,Tommy McDonald\McDoTo00,FL,1998,1957,1968,0,6,9,62,152,2,2,21,1,11,0,,,17,22,0,22,495,8410,84,91,1962.5
106,Anthony Munoz\MunoAn00,T,1998,1980,1992,9,11,12,133,185,,,,,,,,,,,,,7,18,4,12,1986
107,Mike Singletary\SingMi00,LB,1998,1981,1992,7,10,12,123,179,,,,,,,,,,,,,,,,,1986.5
108,Dwight Stephenson\StepDw00,C,1998,1980,1987,4,5,6,81,114,,,,,,,,,,,,,,,,,1983.5
109,Mike Haynes\HaynMi01,DB,1997,1976,1989,2,9,12,105,177,,,,,,,,,,,,,,,,,1982.5
110,Mike Webster\WebsMi00,C,1997,1974,1990,5,9,14,116,245,,,,,,,,,,,,,,,,,1982
111,Lou Creekmur\CreeLo00,T,1996,1950,1959,6,8,9,0,116,,,,,,,,,,,,,,,,,1954.5
112,Dan Dierdorf\DierDa00,T,1996,1971,1983,3,6,10,77,160,,,,,,,,,,,,,,,,,1977
113,Charlie Joiner\JoinCh00,WR,1996,1969,1986,1,3,16,91,239,0,1,0,0,0,0,0,0,8,22,0,9,750,12146,65,87,1977.5
114,Mel Renfro\RenfMe00,DB,1996,1964,1977,1,10,13,98,174,,,,,,,,,8,52,0,27,4,65,0,42,1970.5
115,Henry Jordan\JordHe00,DT,1995,1957,1969,5,4,11,94,163,,,,,,,,,,,,,,,,,1963
116,Steve Largent\LargSt00,WR,1995,1976,1989,1,7,14,103,200,2,7,29,0,18,0,0,0,17,83,1,21,819,13089,100,74,1982.5
117,Lee Roy Selmon\SelmLe00,DE,1995,1976,1984,1,6,9,73,121,,,,,,,,,,,,,,,,,1980
118,Kellen Winslow\WinsKe00,TE,1995,1979,1987,3,5,7,62,109,0,3,0,0,0,0,0,0,,,,,541,6741,45,67,1983
119,Tony Dorsett\DorsTo00,RB,1994,1977,1988,1,4,11,108,173,2,8,41,1,34,1,0,0,2936,12739,77,99,398,3554,13,91,1982.5
120,Jimmy Johnson\JohnJi01,DB,1994,1961,1976,4,5,14,100,213,,,,,,,,,,,,,40,690,4,80,1968.5
121,Leroy Kelly\KellLe00,RB,1994,1964,1973,3,6,8,87,136,3,16,93,2,36,0,1,7,1727,7274,74,70,190,2281,13,68,1968.5
122,Jackie Smith\SmitJa00,TE,1994,1963,1978,0,5,13,73,210,0,3,0,0,0,1,0,0,38,327,3,37,480,7918,40,81,1970.5
123,Randy White\WhitRa00,DT,1994,1975,1988,7,9,11,116,209,,,,,,,,,,,,,,,,,1981.5
124,Dan Fouts\FoutDa00,QB,1993,1973,1987,2,6,14,122,181,3297,5604,43040,254,81,242,319,2304,224,476,13,32,1,0,0,0,1980
125,Larry Little\LittLa00,G,1993,1967,1980,5,5,11,102,183,,,,,,,,,,,,,,,,,1973.5
126,Walter Payton\PaytWa00,RB,1993,1975,1987,5,9,13,128,190,11,34,331,8,56,6,0,0,3838,16726,110,76,492,4538,15,75,1981
127,Lem Barney\BarnLe00,DB,1992,1967,1977,2,7,11,99,140,,,,,,,,,5,45,0,27,,,,,1972
128,John Mackey\MackJo00,TE,1992,1963,1972,3,5,8,58,139,,,,,,,,,19,127,0,33,331,5236,38,89,1967.5
129,John Riggins\RiggJo00,RB,1992,1971,1985,1,1,12,91,175,0,2,0,0,0,0,0,0,2916,11352,104,66,250,2090,12,67,1978
130,Earl Campbell\CampEa00,RB,1991,1978,1985,3,5,7,68,115,1,3,57,1,57,1,0,0,2187,9407,74,81,121,806,0,66,1981.5
131,John Hannah\HannJo00,G,1991,1973,1985,7,9,13,111,183,,,,,,,,,,,,,,,,,1979
132,Stan Jones\JoneSt01,G,1991,1954,1966,3,7,12,39,157,,,,,,,,,,,,,,,,,1960
133,Jan Stenerud\stenejan01,K,1991,1967,1985,1,6,18,54,263,,,,,,,,,1,0,0,0,,,,,1976
134,Buck Buchanan\BuchBu00,DT,1990,1963,1975,4,8,13,93,182,,,,,,,,,,,,,,,,,1969
135,Bob Griese\GrieBo00,QB,1990,1967,1980,2,8,12,105,161,1926,3429,25092,192,86,172,267,2318,261,994,7,35,,,,,1973.5
136,Franco Harris\HarrFr00,RB,1990,1972,1984,1,9,12,102,173,0,1,0,0,0,0,0,0,2949,12120,91,75,307,2287,9,44,1978
137,Ted Hendricks\HendTe00,LB,1990,1969,1983,4,8,14,107,215,,,,,,,,,,,,,,,,,1976
138,Jack Lambert\LambJa00,LB,1990,1974,1984,6,9,10,110,146,,,,,,,,,,,,,,,,,1979
139,Bob St. Clair\St.CBo00,T,1990,1953,1963,0,5,11,24,119,,,,,,,,,,,,,,,,,1958
140,Mel Blount\BlouMe00,DB,1989,1970,1983,2,5,14,101,200,,,,,,,,,,,,,,,,,1976.5
141,Terry Bradshaw\BradTe00,QB,1989,1970,1983,1,3,13,106,168,2025,3901,27989,212,90,210,307,2694,444,2257,32,39,1,1,0,1,1976.5
142,Art Shell\ShelAr00,T,1989,1968,1982,2,8,12,92,207,,,,,,,,,,,,,,,,,1975
143,Willie Wood\WoodWi00,DB,1989,1960,1971,5,8,11,92,166,,,,,,,,,,,,,,,,,1965.5
144,Fred Biletnikoff\BileFr00,WR,1988,1965,1978,2,6,12,89,190,,,,,,,,,,,,,589,8974,76,82,1971.5
145,Mike Ditka\DitkMi00,TE,1988,1961,1972,2,5,8,56,158,,,,,,,,,2,2,0,11,427,5812,43,76,1966.5
146,Jack Ham\HamxJa00,LB,1988,1971,1982,6,8,12,114,162,,,,,,,,,,,,,,,,,1976.5
147,Alan Page\PageAl00,DT,1988,1967,1981,6,9,15,135,218,,,,,,,,,,,,,,,,,1974
148,Larry Csonka\CsonLa00,RB,1987,1968,1979,2,5,11,73,146,,,,,,,,,1891,8081,64,54,106,820,4,65,1973.5
149,Len Dawson\DawsLe00,QB,1987,1957,1975,2,7,12,110,211,2136,3741,28711,239,92,183,167,1423,294,1293,9,43,,,,,1966
150,Joe Greene\GreeJo02,DT,1987,1969,1981,5,10,12,104,181,,,,,,,,,,,,,,,,,1975
151,John Henry Johnson\JohnJo02,FB,1987,1954,1966,0,4,8,41,143,2,5,25,2,15,1,,,1571,6803,48,87,186,1478,7,53,1960
152,Jim Langer\LangJi00,C,1987,1970,1981,4,6,8,89,151,,,,,,,,,,,,,,,,,1975.5
153,Don Maynard\MaynDo00,E,1987,1958,1973,1,4,13,101,186,,,,,,,,,24,70,0,14,633,11834,88,87,1965.5
154,Gene Upshaw\UpshGe00,G,1987,1967,1981,5,7,14,109,217,,,,,,,,,,,,,,,,,1974
155,Paul Hornung\HornPa00,HB,1986,1957,1966,2,2,9,46,104,24,55,383,5,41,4,,,893,3711,50,72,130,1480,12,83,1961.5
156,Ken Houston\HousKe02,DB,1986,1967,1980,2,12,13,96,196,,,,,,,,,,,,,,,,,1973.5
157,Willie Lanier\LaniWi00,LB,1986,1967,1977,3,8,11,88,149,,,,,,,,,,,,,,,,,1972
158,Fran Tarkenton\TarkFr00,QB,1986,1961,1978,1,9,18,149,246,3686,6467,47003,342,89,266,274,2337,675,3674,32,52,1,-12,0,0,1969.5
159,Doak Walker\WalkDo00,HB,1986,1950,1955,4,5,4,0,67,7,28,75,2,23,2,,,309,1520,12,51,152,2539,21,83,1952.5
160,Frank Gatski\GatsFr00,C,1985,1946,1957,3,1,10,0,144,,,,,,,,,,,,,,,,,1951.5
161,Joe Namath\NamaJo00,QB,1985,1965,1977,1,5,9,94,140,1886,3762,27663,173,91,220,109,1052,71,140,7,39,,,,,1971
162,O.J. Simpson\SimpO.00,RB,1985,1969,1979,5,6,11,98,135,6,16,110,1,34,0,1,11,2404,11236,61,94,203,2142,14,64,1974
163,Roger Staubach\StauRo00,QB,1985,1969,1979,0,6,8,105,131,1685,2958,22700,153,91,109,313,2154,410,2264,20,33,1,-13,0,0,1974
164,Willie Brown\BrowWi01,DB,1984,1963,1978,5,9,13,108,204,,,,,,,,,,,,,,,,,1970.5
165,Mike McCormack\McCoMi00,T,1984,1951,1962,0,6,10,27,119,,,,,,,,,0,8,0,4,,,,,1956.5
166,Charley Taylor\TaylCh00,WR,1984,1964,1977,1,8,13,96,165,3,14,99,1,45,1,0,0,442,1488,11,50,649,9110,79,88,1970.5
167,Arnie Weinmeister\WeinAr00,DT,1984,1948,1953,5,4,6,0,71,,,,,,,,,,,,,1,16,0,16,1950.5
168,Bobby Bell\BellBo00,LB,1983,1963,1974,6,9,12,103,168,,,,,,,,,,,,,,,,,1968.5
169,Sonny Jurgensen\JurgSo00,QB,1983,1957,1974,2,5,10,107,218,2433,4262,32224,255,99,189,94,748,181,493,15,33,1,-3,0,0,1965.5
170,Bobby Mitchell\MitcBo00,FL,1983,1958,1968,1,4,10,88,148,3,3,61,1,23,0,,,513,2735,18,90,521,7954,65,99,1963
171,Paul Warfield\WarfPa00,WR,1983,1964,1977,2,8,11,106,157,,,,,,,,,22,204,0,39,427,8565,85,86,1970.5
172,Doug Atkins\AtkiDo00,DE,1982,1953,1969,1,8,15,71,205,,,,,,,,,,,,,,,,,1961
173,Sam Huff\HuffSa00,LB,1982,1956,1969,2,5,13,63,168,,,,,,,,,,,,,,,,,1962.5
174,George Musso\MussGe20,G,1982,1933,1944,1,3,9,0,128,,,,,,,,,,,,,,,,,1938.5
175,Merlin Olsen\OlseMe00,DT,1982,1962,1976,5,14,15,112,208,,,,,,,,,,,,,,,,,1969
176,Red Badgro\BadgRe20,E,1981,1927,1936,0,0,7,0,94,,,,,,,,,,,,,35,560,7,13,1931.5
177,George Blanda\BlanGe00,QB,1981,1949,1975,1,4,19,95,340,1911,4007,26920,236,95,277,12,94,135,344,9,19,1,-16,0,7,1962
178,Willie Davis\DaviWi01,DE,1981,1958,1969,5,5,11,94,162,,,,,,,,,,,,,,,,,1963.5
179,Jim Ringo\RingJi00,C,1981,1953,1967,6,10,14,78,187,,,,,,,,,0,13,0,13,,,,,1960
180,Herb Adderley\AddeHe00,DB,1980,1961,1972,4,5,12,106,164,,,,,,,,,,,,,,,,,1966.5
181,Deacon Jones\JoneDe00,DE,1980,1961,1974,5,8,13,91,191,,,,,,,,,,,,,,,,,1967.5
182,Bob Lilly\LillBo00,DT,1980,1961,1974,7,11,14,108,196,,,,,,,,,,,,,,,,,1967.5
183,Jim Otto\OttoJi00,C,1980,1960,1974,10,12,15,106,210,,,,,,,,,,,,,,,,,1967
184,Dick Butkus\ButkDi00,LB,1979,1965,1973,5,8,9,78,119,,,,,,,,,1,28,0,28,,,,,1969
185,Yale Lary\LaryYa00,DB,1979,1952,1964,3,9,11,65,133,0,4,0,0,0,0,,,10,153,0,32,,,,,1958
186,Ron Mix\MixxRo00,T,1979,1960,1971,9,8,9,82,142,,,,,,,,,,,,,,,,,1965.5
187,Johnny Unitas\UnitJo00,QB,1979,1956,1973,5,10,14,114,211,2830,5186,40239,290,89,253,74,590,450,1777,13,34,1,1,0,1,1964.5
188,Lance Alworth\AlwoLa00,FL,1978,1962,1972,6,7,10,98,137,1,2,-11,0,0,0,0,0,24,129,2,35,542,10266,85,85,1967
189,Tuffy Leemans\LeemTu20,FB,1978,1936,1943,1,2,8,0,80,167,383,2318,25,50,32,,,919,3132,17,75,28,422,3,50,1939.5
190,Ray Nitschke\NitsRa00,LB,1978,1958,1972,2,1,13,94,190,,,,,,,,,,,,,1,34,0,34,1965
191,Larry Wilson\WilsLa00,DB,1978,1960,1972,5,8,13,85,169,0,2,0,0,0,0,0,0,5,36,1,35,,,,,1966
192,Frank Gifford\GiffFr00,HB,1977,1952,1964,4,8,11,27,136,29,63,823,14,83,6,,,840,3609,34,79,367,5434,43,77,1958
193,Forrest Gregg\GregFo00,T,1977,1956,1971,7,9,11,89,193,,,,,,,,,,,,,,,,,1963.5
194,Gale Sayers\SayeGa00,RB,1977,1965,1971,5,4,5,59,68,4,18,111,1,39,2,1,3,991,4956,39,70,112,1307,9,80,1968
195,Bart Starr\StarBa00,QB,1977,1956,1971,1,4,13,90,196,1808,3149,24718,152,91,138,59,533,247,1308,15,39,,,,,1963.5
196,Bill Willis\WillBi00,DG,1977,1946,1953,3,3,6,0,99,,,,,,,,,,,,,,,,,1949.5
197,Len Ford\FordLe00,DE,1976,1948,1958,4,4,11,0,125,,,,,,,,,,,,,67,1175,8,0,1953
198,Jim Taylor\TaylJi00,FB,1976,1958,1967,1,5,9,84,129,,,,,,,,,1941,8597,83,84,225,1756,10,41,1962.5
199,Rosey Brown\BrowRo04,T,1975,1953,1965,6,9,13,50,162,,,,,,,,,,,,,,,,,1959
200,George Connor\ConnGe00,T,1975,1948,1955,4,4,7,0,90,,,,,,,,,,,,,5,89,0,25,1951.5
201,Dante Lavelli\LaveDa00,E,1975,1946,1956,0,3,11,0,123,,,,,,,,,2,23,0,14,386,6488,62,72,1951
202,Lenny Moore\MoorLe00,HB,1975,1956,1967,5,7,10,63,143,3,12,33,2,13,2,,,1069,5174,63,79,363,6039,48,82,1961.5
203,Tony Canadeo\CanaTo00,HB,1974,1941,1952,1,0,8,0,116,105,268,1642,16,51,20,,,1025,4197,26,54,69,579,5,46,1946.5
204,Bill George\GeorBi00,LB,1974,1952,1966,8,8,14,59,173,,,,,,,,,,,,,,,,,1959
205,Lou Groza\GrozLo20,T,1974,1946,1967,4,9,19,27,268,1,4,-7,0,0,1,,,,,,,1,23,1,23,1956.5
206,Night Train Lane\LaneDi00,DB,1974,1952,1965,3,7,12,57,157,,,,,,,,,,,,,8,253,1,98,1958.5
207,Raymond Berry\BerrRa00,E,1973,1955,1967,3,6,13,62,154,,,,,,,,,,,,,631,9275,68,70,1961
208,Jim Parker\ParkJi00,T,1973,1957,1967,8,8,10,70,135,,,,,,,,,,,,,,,,,1962
209,Joe Schmidt\SchmJo00,LB,1973,1953,1965,8,10,11,53,155,,,,,,,,,,,,,,,,,1959
210,Gino Marchetti\MarcGi00,DE,1972,1952,1966,7,11,13,56,161,,,,,,,,,,,,,1,36,1,19,1959
211,Ollie Matson\MatsOl00,RB,1972,1952,1966,5,6,9,17,169,5,15,119,0,43,1,,,1170,5173,40,79,222,3285,23,96,1959
212,Ace Parker\ParkAc20,TB,1972,1937,1946,2,0,5,0,68,335,718,4698,30,75,50,,,498,1292,13,60,8,229,3,71,1941.5
213,Jim Brown\BrowJi00,FB,1971,1957,1965,8,9,9,108,118,4,12,117,3,39,0,,,2359,12312,106,80,262,2499,20,83,1961
214,Bill Hewitt\HewiBi20,E,1971,1932,1943,4,0,7,0,101,5,10,63,3,34,0,,,8,36,1,29,103,1638,23,45,1937.5
215,Bruiser Kinard\KinaBr20,T,1971,1938,1947,4,5,8,0,101,,,,,,,,,,,,,5,62,1,36,1942.5
216,Andy Robustelli\RobuAn00,DE,1971,1951,1964,6,7,14,43,175,,,,,,,,,,,,,2,75,1,49,1957.5
217,Y.A. Tittle\TittY.00,QB,1971,1948,1964,3,7,13,44,204,2427,4395,33070,242,80,248,,,372,1245,39,45,1,4,0,4,1956
218,Norm Van Brocklin\VanBNo00,QB,1971,1949,1960,1,9,9,17,140,1553,2895,23611,173,91,178,,,102,40,11,16,,,,,1954.5
219,Jack Christiansen\ChriJa00,DB,1970,1951,1958,6,5,8,0,89,,,,,,,,,19,143,2,65,3,32,0,11,1954.5
220,Tom Fears\FearTo00,E,1970,1948,1956,1,1,6,0,87,,,,,,,,,5,15,0,10,400,5397,38,80,1952
221,Hugh McElhenny\McElHu00,HB,1970,1952,1964,2,6,10,20,143,2,7,13,1,11,1,,,1124,5281,38,89,264,3247,20,77,1958
222,Pete Pihos\PihoPe00,E,1970,1947,1955,5,6,9,0,107,,,,,,,,,9,-4,0,5,373,5619,61,66,1951
223,Turk Edwards\EdwaTu20,T,1969,1932,1940,3,1,7,0,86,,,,,,,,,,,,,,,,,1936
224,Leo Nomellini\NomeLe00,DT,1969,1950,1963,6,10,13,28,174,,,,,,,,,1,5,0,5,,,,,1956.5
225,Joe Perry\PerrJo00,FB,1969,1948,1963,2,3,11,15,181,3,11,79,1,34,0,,,1929,9723,71,78,260,2021,12,70,1955.5
226,Ernie Stautner\StauEr00,DT,1969,1950,1963,1,9,13,25,173,,,,,,,,,,,,,,,,,1956.5
227,Cliff Battles\BattCl20,TB,1968,1932,1937,3,0,5,0,60,44,157,590,1,7,15,,,839,3511,23,75,38,546,4,0,1934.5
228,Art Donovan\DonoAr00,DT,1968,1950,1961,4,5,12,17,138,,,,,,,,,,,,,,,,,1955.5
229,Elroy Hirsch\HirsEl00,E,1968,1946,1957,2,3,9,0,127,12,22,156,1,0,2,,,207,687,3,51,387,7029,60,91,1951.5
230,Wayne Millner\MillWa20,E,1968,1936,1945,0,0,5,0,76,,,,,,,,,14,62,0,8,124,1578,12,78,1940.5
231,Marion Motley\MotlMa00,FB,1968,1946,1955,2,1,7,0,106,0,3,0,0,0,0,,,828,4720,31,76,85,1107,7,78,1950.5
232,Charley Trippi\TripCh00,HB,1968,1947,1955,1,2,7,0,99,205,434,2547,16,80,31,,,687,3506,23,59,130,1321,11,62,1951
233,Alex Wojciechowicz\WojcAl20,C,1968,1938,1950,0,0,6,0,134,,,,,,,,,,,,,4,44,0,13,1944
234,Chuck Bednarik\BednCh00,LB,1967,1949,1962,5,8,14,21,169,,,,,,,,,,,,,,,,,1955.5
235,Bobby Layne\LaynBo00,QB,1967,1948,1962,2,6,13,20,175,1814,3700,26768,196,97,243,,,611,2451,25,36,,,,,1955
236,Ken Strong\StroKe20,FB,1967,1929,1947,3,0,8,0,131,20,52,380,6,0,5,,,379,1228,24,2,22,254,7,0,1938
237,Joe Stydahar\StydJo20,T,1967,1936,1946,4,4,5,0,84,,,,,,,,,,,,,1,9,0,9,1941
238,Emlen Tunnell\TunnEm00,DB,1967,1948,1961,4,9,10,8,167,1,2,23,0,23,0,,,17,43,0,15,5,39,0,14,1954.5
239,Bill Dudley\DudlBi00,HB,1966,1942,1953,1,3,8,0,90,81,222,985,6,38,17,,,765,3057,18,66,123,1383,18,80,1947.5
240,Joe Guyon\GuyoJo20,WB,1966,1920,1927,0,0,3,0,46,,,,,,,,,0,0,7,0,0,0,1,0,1923.5
241,Arnie Herber\HerbAr20,TB,1966,1930,1945,1,1,7,0,129,481,1175,8041,81,92,106,,,250,116,3,1,11,155,3,25,1937.5
242,Walt Kiesling\KiesWa20,G,1966,1926,1938,1,0,7,0,125,,,,,,,,,,,,,,,,,1932
243,George McAfee\McAfGe20,HB,1966,1940,1950,1,1,4,0,75,6,22,94,3,44,1,,,341,1685,21,70,85,1359,11,65,1945
244,Bulldog Turner\TurnBu21,C,1966,1940,1952,7,4,12,0,138,,,,,,,,,1,48,1,48,1,2,0,2,1946
245,Paddy Driscoll\DrisPa20,HB,1965,1920,1929,6,0,9,0,118,,,,,,,,,0,0,25,0,0,0,4,0,1924.5
246,Danny Fortmann\FortDa20,G,1965,1936,1943,6,3,8,0,86,,,,,,,,,,,,,,,,,1939.5
247,Otto Graham\GrahOt00,QB,1965,1946,1955,7,5,10,0,126,1464,2626,23584,174,99,135,,,405,882,44,36,,,,,1950.5
248,Sid Luckman\LuckSi00,QB,1965,1939,1950,5,3,10,0,128,904,1744,14686,137,86,132,,,204,-239,4,40,1,15,0,15,1944.5
249,Steve Van Buren\VanBSt00,HB,1965,1944,1951,5,0,8,0,83,1,3,35,0,35,0,,,1320,5860,69,70,45,523,3,50,1947.5
250,Bob Waterfield\WateBo01,QB,1965,1945,1952,3,2,6,0,91,814,1617,11849,97,91,128,,,75,21,13,25,3,19,0,18,1948.5
251,Ed Healey\HealEd20,T,1964,1920,1927,4,0,7,0,88,,,,,,,,,,,,,,,,,1923.5
252,Clarke Hinkle\HinkCl20,FB,1964,1932,1941,4,3,9,0,113,26,54,316,0,23,5,,,1171,3860,35,57,49,537,9,69,1936.5
253,Link Lyman\LymaLi20,T,1964,1922,1934,2,0,10,0,133,,,,,,,,,,,,,0,0,2,0,1928
254,Mike Michalske\MichMi20,G,1964,1927,1937,5,0,9,0,122,,,,,,,,,,,,,,,,,1932
255,George Trafton\TrafGe20,C,1964,1920,1932,2,0,9,0,148,,,,,,,,,,,,,,,,,1926
256,Sammy Baugh\BaugSa00,QB,1963,1937,1952,4,6,13,0,165,1693,2995,21886,187,86,203,,,324,325,9,41,1,0,0,0,1944.5
257,Johnny Blood\BlooJo20,TB,1963,1925,1938,0,0,8,0,137,24,70,299,4,0,5,,,120,386,5,0,67,1117,37,70,1931.5
258,Dutch Clark\ClarDu20,TB,1963,1931,1938,6,0,5,0,75,114,250,1507,11,0,26,,,606,2772,36,0,28,341,6,23,1934.5
259,Red Grange\GranRe20,HB,1963,1925,1934,2,0,2,0,96,24,71,346,10,0,10,,,170,569,21,0,16,288,10,36,1929.5
260,Mel Hein\HeinMe20,C,1963,1931,1945,5,4,15,0,170,0,1,0,0,0,0,,,1,1,0,1,2,20,0,13,1938
261,Pete Henry\HenrPe20,T,1963,1920,1928,4,0,7,0,86,,,,,,,,,,,,,0,0,1,0,1924
262,Cal Hubbard\HubbCa20,T,1963,1927,1936,4,0,6,0,105,,,,,,,,,,,,,0,0,1,0,1931.5
263,Don Hutson\HutsDo00,E,1963,1935,1945,8,4,8,0,116,1,11,38,1,38,2,,,62,284,3,27,488,7991,99,92,1940
264,Bronko Nagurski\NaguBr00,FB,1963,1930,1943,4,0,7,0,97,32,77,474,7,35,9,,,633,2778,25,11,11,134,0,23,1936.5
265,Ernie Nevers\NeveEr20,FB,1963,1926,1931,5,0,5,0,54,,,,,,,,,0,0,38,0,,,,,1928.5
266,Jim Thorpe\ThorJi20,TB,1963,1920,1928,1,0,3,0,52,,,,,,,,,0,0,6,0,,,,,1924